<?xml version="1.0" encoding="UTF-8"?>
<project-private xmlns="http://www.netbeans.org/ns/project-private/1">
    <editor-bookmarks xmlns="http://www.netbeans.org/ns/editor-bookmarks/2" lastBookmarkId="0"/>
    <open-files xmlns="http://www.netbeans.org/ns/projectui-open-files/2">
        <group>
            <file>file:/C:/Users/Drago1/Documents/NetBeansProjects/ProyectoInge/src/Vista/CategoriaProductos.java</file>
            <file>file:/C:/Users/Drago1/Documents/NetBeansProjects/ProyectoInge/src/controlador/CtlVendedor.java</file>
            <file>file:/C:/Users/Drago1/Documents/NetBeansProjects/ProyectoInge/src/DAO/DAOProveedores.java</file>
            <file>file:/C:/Users/Drago1/Documents/NetBeansProjects/ProyectoInge/src/DAO/VendedorDAO.java</file>
            <file>file:/C:/Users/Drago1/Documents/NetBeansProjects/ProyectoInge/src/controlador/CtlCliente.java</file>
            <file>file:/C:/Users/Drago1/Documents/NetBeansProjects/ProyectoInge/src/DAO/ClienteDAO.java</file>
            <file>file:/C:/Users/Drago1/Documents/NetBeansProjects/ProyectoInge/src/DAO/DAOcatProductos.java</file>
            <file>file:/C:/Users/Drago1/Documents/NetBeansProjects/ProyectoInge/src/DAO/DAOProductos.java</file>
            <file>file:/C:/Users/Drago1/Documents/NetBeansProjects/ProyectoInge/src/controlador/LogicaCliente.java</file>
            <file>file:/C:/Users/Drago1/Documents/NetBeansProjects/ProyectoInge/src/BO/BOlistadoProductos.java</file>
            <file>file:/C:/Users/Drago1/Documents/NetBeansProjects/ProyectoInge/src/Vista/Principal.java</file>
            <file>file:/C:/Users/Drago1/Documents/NetBeansProjects/ProyectoInge/src/modelo/Cliente.java</file>
            <file>file:/C:/Users/Drago1/Documents/NetBeansProjects/ProyectoInge/src/modelo/Vendedor.java</file>
            <file>file:/C:/Users/Drago1/Documents/NetBeansProjects/ProyectoInge/src/modelo/stock.java</file>
            <file>file:/C:/Users/Drago1/Documents/NetBeansProjects/ProyectoInge/src/Vista/Proveedore.java</file>
            <file>file:/C:/Users/Drago1/Documents/NetBeansProjects/ProyectoInge/src/modelo/Proveedores.java</file>
            <file>file:/C:/Users/Drago1/Documents/NetBeansProjects/ProyectoInge/src/Vista/Productos.java</file>
            <file>file:/C:/Users/Drago1/Documents/NetBeansProjects/ProyectoInge/src/modelo/CategoriaProducto.java</file>
            <file>file:/C:/Users/Drago1/Documents/NetBeansProjects/ProyectoInge/src/modelo/Producto.java</file>
            <file>file:/C:/Users/Drago1/Documents/NetBeansProjects/ProyectoInge/src/Vista/JfrmCliente.java</file>
            <file>file:/C:/Users/Drago1/Documents/NetBeansProjects/ProyectoInge/src/modelo/Bodega.java</file>
            <file>file:/C:/Users/Drago1/Documents/NetBeansProjects/ProyectoInge/src/controlador/LogicaBodega.java</file>
            <file>file:/C:/Users/Drago1/Documents/NetBeansProjects/ProyectoInge/src/controlador/Logica.java</file>
            <file>file:/C:/Users/Drago1/Documents/NetBeansProjects/ProyectoInge/src/Vista/JfrmVendedor.java</file>
            <file>file:/C:/Users/Drago1/Documents/NetBeansProjects/ProyectoInge/src/controlador/Controlador.java</file>
            <file>file:/C:/Users/Drago1/Documents/NetBeansProjects/ProyectoInge/src/Vista/JfrmBodega.java</file>
            <file>file:/C:/Users/Drago1/Documents/NetBeansProjects/ProyectoInge/src/controlador/ControladorBodega.java</file>
            <file>file:/C:/Users/Drago1/Documents/NetBeansProjects/ProyectoInge/src/Vista/VistaPedidosProveedor.java</file>
            <file>file:/C:/Users/Drago1/Documents/NetBeansProjects/ProyectoInge/src/DAO/BodegaDAO.java</file>
            <file>file:/C:/Users/Drago1/Documents/NetBeansProjects/ProyectoInge/src/controlador/LogicaVendedor.java</file>
            <file>file:/C:/Users/Drago1/Documents/NetBeansProjects/ProyectoInge/src/controlador/CtlBodega.java</file>
        </group>
    </open-files>
</project-private>
